Country code,Country,Case & death data by sex?,Cases date,Cases where sex-disaggregated data is available,Cases (% male),Cases (% female),Deaths date,Deaths where sex-disaggregated data is available,Deaths (% male),Deaths (% female),Deaths in confirmed cases date,Proportion of deaths in confirmed cases (male),Proportion of deaths in confirmed cases (female),Proportion of deaths in confirmed cases (Male:female ratio),Source
AF,Afghanistan,Yes,10/13/20,39093,69.75%,30.25%,10/13/20,1378,74.82%,25.18%,10/13/20,3.78%,2.93%,1.29,http://covid.moph-dw.org/#/
AL,Albania,Yes,10/13/20,15752,48%,52%,10/13/20,429,67%,33%,10/13/20,3.80%,1.73%,2.2,https://coronavirus.al/statistika/
DZ,Algeria,Partial,10/13/20,53225,53.93%,46.07%,,,,,,,,,https://covid19.cdta.dz/dashboard/production/index.php
AD,Andorra,No,,,,,,,,,,,,,https://www.govern.ad/coronavirus
AO,Angola,No,,,,,,,,,,,,,https://www.cisp.gov.ao:10443/en/
AR,Argentina,Yes,10/14/20,928391,50.64%,49.36%,8/31/20,8597,57%,43%,8/31/20,2.21%,1.71%,1.3,https://www.argentina.gob.ar/salud/coronavirus-COVID-19/sala-situacion
AM,Armenia,Partial,,,,,10/12/20,1026,54.29%,45.71%,,,,,https://ampop.am/covid19-coronavirus-dynamic-statistics-in-armenia/
AW,Aruba,No,,,,,,,,,,,,,https://www.arubacovid19.org/
AU,Australia,Yes,10/14/20,27301,48.61%,51.39%,10/14/20,896,48.10%,51.90%,10/14/20,3.25%,3.31%,0.98,https://www.health.gov.au/news/health-alerts/novel-coronavirus-2019-ncov-health-alert/coronavirus-covid-19-current-situation-and-case-numbers
AT,Austria,Yes,10/14/20,57762,52%,48%,10/14/20,879,57%,43%,10/14/20,1.67%,1.36%,1.22,https://www.sozialministerium.at/Informationen-zum-Coronavirus/Neuartiges-Coronavirus-(2019-nCov).html
AZ,Azerbaijan,Partial,10/13/20,40119,46%,54%,,,,,,,,,https://koronavirusinfo.az/az/page/statistika/azerbaycanda-cari-veziyyet
BS,Bahamas,No,,,,,,,,,,,,,https://covid19.gov.bs/category/covid-dashboard/
BH,Bahrain,Partial,7/6/20,6081,88%,12%,,,,,,,,,https://www.moh.gov.bh/Covid19/ContactsTracing
BD,Bangladesh,Yes,10/12/20,379738,71%,29%,10/12/20,5555,77%,23%,10/12/20,1.59%,1.16%,1.37,https://covid19bd.idare.io/
BY,Belarus,No,,,,,,,,,,,,,http://stopcovid.belta.by/
BE,Belgium,Yes,10/12/20,165113,44.50%,55.50%,10/12/20,10186,47.39%,52.61%,10/12/20,6.57%,5.85%,1.12,https://epistat.wiv-isp.be/Covid/covid-19.html
BZ,Belize,Yes,10/13/20,2585,53.89%,46.11%,10/13/20,39,61.54%,38.46%,10/13/20,1.72%,1.26%,1.37,https://www.facebook.com/Belizehealth/
BJ,Benin,No,,,,,,,,,,,,,https://www.gouv.bj/actualite/806/rapport-situation-covid-19-benin-date-13-aout-2020/
BT,Bhutan,Yes,10/13/20,309,69.58%,30.42%,10/13/20,,0%,0%,10/13/20,,,1,https://www.facebook.com/MoHBhutan
BO,Bolivia,No,,,,,,,,,,,,,https://www.boliviasegura.gob.bo/
BA,Bosnia and Herzegovina,Yes,9/1/20,12710,52%,48%,9/1/20,354,66%,34%,9/1/20,3.54%,1.98%,1.78,https://covid-19.ba/
BW,Botswana,Partial,7/17/20,48,83%,17%,9/28/20,15,40%,60%,,,,,https://datastudio.google.com/u/0/reporting/0f498d3b-2d44-4893-92cd-dd373f0a3f73/page/wI9JB
BR,Brazil,Partial,5/12/20,114617,46%,54%,10/5/20,142764,57.96%,42.04%,,,,,http://portalarquivos2.saude.gov.br/images/pdf/2020/October/08/Boletim-epidemiologico-COVID-34.pdf
BG,Bulgaria,Partial,5/25/20,2443,49%,51%,,,,,,,,,https://coronavirus.bg/bg/news/424
BF,Burkina Faso,Yes,10/11/20,2305,66.33%,33.67%,8/25/20,55,74.51%,25.49%,8/25/20,4.63%,3%,1.54,https://lefaso.net/spip.php?article99956
BI,Burundi,No,,,,,,,,,,,,,https://covid19.who.int/region/afro/country/bi
CV,Cabo Verde,Yes,10/13/20,7254,48%,52%,9/29/20,59,62.71%,37.29%,9/29/20,1.29%,0.74%,1.74,https://covid19.cv/
KH,Cambodia,Yes,10/12/20,283,79.86%,20.14%,10/12/20,,0%,0%,10/12/20,,,1,http://www.cdcmoh.gov.kh/images/Document/Coronaviruses/COVID-19/WHO-MOH_SITREP/15.SITREP_COVID-19_WHO-MOH_12.10.pdf
CM,Cameroon,No,,,,,,,,,,,,,https://web.facebook.com/MINSANTE.PageOfficielle/posts/3976297929052322?_rdc=1&_rdr
CA,Canada,Yes,10/12/20,167731,46.33%,53.67%,10/12/20,9495,46.06%,53.94%,10/12/20,5.63%,5.69%,0.99,https://health-infobase.canada.ca/covid-19/epidemiological-summary-covid-19-cases.html#a7
CF,Central African Republic,Partial,10/7/20,4854,73.49%,26.51%,,,,,,,,,https://twitter.com/MSPCentrafrique
TD,Chad,Partial,9/7/20,1040,75%,25%,,,,,,,,,https://sante-tchad.org/communique-la-situation-epidemiologique-du-covid-19-au-tchad-du-13-octobre-2020/
CL,Chile,Yes,10/12/20,511782,50.89%,49.11%,5/7/20,294,60%,40%,5/7/20,1.28%,0.97%,1.32,https://www.gob.cl/coronavirus/cifrasoficiales/
CN,China,Yes,2/28/20,55924,51%,49%,2/28/20,2114,64%,36%,2/28/20,4.70%,2.80%,1.68,http://www.nhc.gov.cn/xcs/yqtb/202010/400a3f95e1be4aa7b702ac45b96570f2.shtml
CO,Colombia,Yes,10/12/20,919083,50.53%,49.47%,10/12/20,27985,64.20%,35.80%,10/12/20,3.87%,2.20%,1.76,https://www.ins.gov.co/Noticias/Paginas/Coronavirus.aspx
KM,Comoros,No,,,,,,,,,,,,,https://www.facebook.com/Minist%C3%A8re-de-la-Sant%C3%A9-Union-des-Comores-320950001695355
CG,Congo,No,,,,,,,,,,,,,https://www.who.int/countries/cog/
CR,Costa Rica,Yes,10/12/20,89223,51.93%,48.07%,10/12/20,1108,62.91%,37.09%,10/12/20,1.50%,0.96%,1.57,https://www.ministeriodesalud.go.cr/index.php/centro-de-prensa/noticias/741-noticias-2020/1725-situacion-nacional-covid-19
CI,Cote d'Ivoire,No,,,,,,,,,,,,,https://web.facebook.com/Mshpci/
HR,Croatia,Partial,10/13/20,20874,49.91%,50.09%,,,,,,,,,https://koronavirus.hr/podaci/489
CU,Cuba,Partial,10/12/20,6017,51.62%,48.38%,,,,,,,,,https://salud.msp.gob.cu/
CW,Curaçao,No,,,,,,,,,,,,,https://web.facebook.com/GobiernuKorsou/photos/a.1321157117970163/3345363552216166/?type=3&theater
CY,Cyprus,Partial,10/13/20,2047,53%,47%,,,,,,,,,https://covid19.ucy.ac.cy/
CZ,Czech Republic,Yes,10/14/20,118024,50.22%,49.78%,10/4/20,759,59.42%,40.58%,9/15/20,1.41%,1.17%,1.21,https://onemocneni-aktualne.mzcr.cz/covid-19
CD,DRC,No,,,,,,,,,,,,,https://www.stopcoronavirusrdc.info/
KP,Dem. People's Republic of Korea,No,,,,,,,,,,,,,
DK,Denmark,Yes,10/13/20,33101,48.15%,51.85%,10/13/20,674,56.53%,43.47%,10/13/20,2.39%,1.71%,1.4,https://www.ssi.dk/sygdomme-beredskab-og-forskning/sygdomsovervaagning/c/covid19-overvaagning
DJ,Djibouti,Partial,6/2/20,3779,68%,32%,,,,,,,,,https://covid19.gouv.dj/
DO,Dominican Republic,Yes,8/28/20,93732,51%,49%,8/30/20,1710,66%,34%,8/28/20,2.37%,1.26%,1.88,https://www.msp.gob.do/web/?page_id=6948#1586785071781-f0e8c057-f5f4
EC,Ecuador,Yes,10/13/20,148171,52.86%,47.14%,10/13/20,11873,66.55%,33.45%,10/13/20,10.09%,5.69%,1.77,https://public.tableau.com/profile/direcci.n.nacional.de.vigilancia.epidemiol.gica.msp#!/vizhome/COVID19ecu_MSP_DNVE/COVID-19MSP
EG,Egypt,No,,,,,,,,,,,,,https://web.facebook.com/egypt.mohp/photos/a.122315979319023/231141518436468/?type=3&theater
SV,El Salvador,Partial,10/12/20,30480,52.50%,47.50%,,,,,,,,,https://covid19.gob.sv/
,England,Yes,10/6/20,447666,45.10%,54.90%,10/6/20,42347,56.60%,43.40%,10/6/20,11.87%,7.48%,1.59,https://www.gov.uk/government/publications/national-covid-19-surveillance-reports
GQ,Equatorial Guinea,Partial,10/12/20,4578,59%,41%,9/30/20,83,71.08%,28.92%,,,,,https://guineasalud.org/estadisticas/
ER,Eritrea,No,,,,,,,,,,,,,https://shabait.com/2020/10/10/announcement-from-the-ministry-of-health-69/
EE,Estonia,Yes,10/12/20,3804,47.48%,52.52%,10/12/20,68,45.59%,54.41%,10/12/20,1.72%,1.85%,0.93,https://koroonakaart.ee/en
SZ,Eswatini,Yes,10/11/20,5669,46.83%,53.17%,10/11/20,113,54.87%,45.13%,10/11/20,2.34%,1.69%,1.38,http://www.gov.sz/images/CORONA/Health-statement-COVID-11-OCTOBER-2020-FINAL.pdf
ET,Ethiopia,Partial,6/29/20,5846,61%,39%,,,,,,,,,https://tena.et/update
FI,Finland,Yes,8/31/20,8086,49%,51%,10/12/20,346,48%,52%,8/31/20,4.02%,4.29%,0.94,https://thl.fi/fi/web/infektiotaudit-ja-rokotukset/ajankohtaista/ajankohtaista-koronaviruksesta-covid-19/tilannekatsaus-koronaviruksesta
FR,France,Yes,3/15/20,6378,47%,53%,10/8/20,21648,58.80%,41.20%,3/15/20,3.11%,2%,1.55,https://dc-covid.site.ined.fr/en/data/france/
PF,French Polynesia,Partial,10/4/20,2228,49%,51%,9/29/20,7,42.86%,57.14%,,,,,https://www.service-public.pf/dsp/wp-content/uploads/sites/12/2020/10/BEH12.pdf
GA,Gabon,Partial,8/26/20,8409,40%,60%,,,,,,,,,https://infocovid.ga/cartographie-epidemiologique/
GM,Gambia,Partial,10/11/20,3605,58.78%,41.22%,,,,,,,,,http://www.moh.gov.gm/wp-content/uploads/2020/10/Gambia_The_COVID-19_Sitrep-10th-11th-Oct-2020.pdf
GE,Georgia,No,,,,,,,,,,,,,https://stopcov.ge/en/
DE,Germany,Yes,10/13/20,328118,49.92%,50.08%,10/6/20,9542,55.49%,44.51%,9/29/20,3.66%,2.91%,1.26,https://www.rki.de/DE/Content/InfAZ/N/Neuartiges_Coronavirus/Situationsberichte/Okt_2020/2020-10-06-en.pdf?__blob=publicationFile
GH,Ghana,Partial,10/14/20,47126,58%,42%,,,,,,,,,https://ghanahealthservice.org/covid19/
GR,Greece,Yes,10/12/20,21310,55.56%,44.44%,10/12/20,456,61.84%,38.16%,10/12/20,2.38%,1.84%,1.3,https://eody.gov.gr/1012_briefing_covid19/
GL,Greenland,No,,,,,,,,,,,,,https://nun.gl/
GT,Guatemala,Yes,10/12/20,95732,58.51%,41.49%,10/12/20,3290,71.79%,28.21%,10/12/20,4.22%,2.34%,1.81,https://tablerocovid.mspas.gob.gt/
,Guernsey,No,,,,,,,,,,,,,https://covid19.gov.gg/test-results
GN,Guinea,Partial,8/30/20,9381,69%,31%,,,,,,,,,http://www.anss-guinee.org/
GW,Guinea-Bissau,No,,,,,,,,,,,,,https://covid19gb.com/
GY,Guyana,Partial,10/14/20,3589,53.19%,46.81%,,,,,,,,,https://www.health.gov.gy/
HT,Haiti,Yes,10/9/20,8882,57.90%,42.10%,10/10/20,230,62.17%,37.83%,10/10/20,2.78%,2.33%,1.19,https://mspp.gouv.ht/site/downloads/Sitrep%20COVID-19_27-09-2020.pdf
HN,Honduras,Partial,9/14/20,67789,52%,48%,,,,,,,,,https://covid19honduras.org/
HK,Hong Kong,Yes,10/13/20,5202,49.71%,50.29%,10/13/20,105,61.91%,38.10%,10/13/20,2.51%,1.53%,1.64,https://www.chp.gov.hk/files/pdf/local_situation_covid19_en.pdf
HU,Hungary,Partial,,,,,10/13/20,1023,52.49%,47.51%,,,,,https://koronavirus.gov.hu/elhunytak
IS,Iceland,Partial,6/21/20,1823,50%,50%,,,,,,,,,https://www.covid.is/data
IN,India,Yes,9/1/20,2877791,65%,35%,5/21/20,3711,64%,36%,4/6/20,2.62%,3.07%,0.85,https://ncdc.gov.in/dashboard.php
ID,Indonesia,Yes,10/15/20,349160,51.02%,48.98%,10/15/20,12268,58.80%,41.20%,10/15/20,4.05%,2.96%,1.37,https://covid19.go.id/peta-sebaran
IR,Iran,Yes,3/17/20,14991,57%,43%,3/17/20,853,59%,41%,3/17/20,5.89%,5.43%,1.09,http://corona.behdasht.gov.ir/
IQ,Iraq,Partial,10/14/20,413215,58.03%,41.97%,,,,,,,,,https://app.powerbi.com/view?r=eyJrIjoiNjljMDhiYmItZTlhMS00MDlhLTg3MjItMDNmM2FhNzE5NmM4IiwidCI6ImY2MTBjMGI3LWJkMjQtNGIzOS04MTBiLTNkYzI4MGFmYjU5MCIsImMiOjh9
IL,Israel,Yes,10/13/20,292736,52.49%,47.51%,10/11/20,1845,56.10%,43.90%,10/11/20,0.67%,0.58%,1.16,https://datadashboard.health.gov.il/COVID-19/?utm_source=go.gov.il&utm_medium=referral
IT,Italy,Yes,10/6/20,327357,47.99%,52.01%,10/6/20,36051,57.32%,42.68%,10/6/20,13.15%,9.04%,1.46,https://www.epicentro.iss.it/coronavirus/bollettino/Bollettino-sorveglianza-integrata-COVID-19_6-ottobre-2020.pdf
JM,Jamaica,Yes,10/13/20,7786,45.11%,54.89%,10/13/20,146,54.11%,45.89%,10/13/20,2.25%,1.57%,1.43,https://jamcovid19.moh.gov.jm/
JP,Japan,Partial,6/22/20,17301,55%,45%,,,,,,,,,https://www.niid.go.jp/niid/en/2019-ncov-e.html
,Jersey,Yes,10/13/20,483,42%,58%,10/13/20,32,63%,37%,10/13/20,9.94%,4.23%,2.35,https://www.gov.je/Health/Coronavirus/Pages/CoronavirusCases.aspx
JO,Jordan,No,,,,,,,,,,,,,https://corona.moh.gov.jo/en
KZ,Kazakhstan,Partial,6/8/20,9452,61%,39%,,,,,,,,,https://hls.kz/
KE,Kenya,Yes,9/15/20,36301,64.52%,35.48%,9/15/20,634,74.61%,25.39%,9/15/20,2.02%,1.25%,1.62,Ministry report obtained by APHRC from a third party
KW,Kuwait,No,,,,,,,,,,,,,https://corona.e.gov.kw/en
KG,Kyrgyzstan,Yes,7/16/20,12498,47%,53%,7/16/20,155,62%,38%,7/16/20,1.63%,0.89%,1.83,http://www.med.kg/en/informatsii-2/2095-statistics-on-covid-19-in-kyrgyzstan-as-of-july-6-2020.html
LV,Latvia,Yes,10/13/20,2942,46.97%,53.03%,10/13/20,41,61%,38%,10/13/20,1.81%,1.03%,1.76,https://spkc.gov.lv/lv/tavai-veselibai/aktualitate-par-jauno-koronavi
LB,Lebanon,Partial,10/14/20,57246,57%,43%,7/6/20,36,31%,69%,,,,,https://web.facebook.com/wholeb/photos/pcb.4735259823181951/4735243006516966/?type=3&theater
LS,Lesotho,No,,,,,,,,,,,,,https://nacosec.org.ls/
LR,Liberia,Yes,10/12/20,1371,65%,35%,10/12/20,82,65%,35%,10/12/20,5.91%,6.12%,0.97,https://web.facebook.com/164280647325112/photos/a.347331779019997/1110226236063877/
LY,Libya,No,,,,,,,,,,,,,https://ncdc.org.ly/Ar/libyan-covid-19-dashboard/
LT,Lithuania,Partial,10/13/20,6365,44.49%,55.51%,6/1/20,70,47%,53%,,,,,https://registrucentras.maps.arcgis.com/apps/opsdashboard/index.html#/becd01f2fade4149ba7a9e5baaddcd8d
LU,Luxembourg,Yes,10/8/20,9219,51%,49%,10/8/20,129,55%,45%,10/8/20,1.51%,1.29%,1.17,https://msan.gouvernement.lu/en/dossiers/2020/corona-virus.html
MG,Madagascar,No,,,,,,,,,,,,,https://web.facebook.com/orangeactu/photos/a.1380589932211150/2724034514533345/?type=1&theater&_rdc=1&_rdr
MW,Malawi,Yes,10/13/20,5819,68.38%,31.62%,10/13/20,181,76.80%,23.20%,10/13/20,3.49%,2.28%,1.53,https://malawipublichealth.org/index.php/resources/COVID-19%20SitRep%20Updates/October%202020/20201013_Malawi%20COVID-19%20situation%20report.pdf/detail
MY,Malaysia,Partial,,,,,10/13/20,163,73.01%,26.99%,,,,,https://ukkdosm.github.io/covid-19
MV,Maldives,Yes,10/13/20,10874,69.42%,30.58%,10/13/20,32,56.25%,43.75%,10/13/20,0.24%,0.42%,0.57,https://covid19.health.gov.mv/dashboard/
ML,Mali,Partial,8/30/20,2773,67%,33%,,,,,,,,,https://www.humanitarianresponse.info/sites/www.humanitarianresponse.info/files/documents/files/mali_sitrep_covid-19_n117_30_aout_2020.pdf
MT,Malta,Partial,7/22/20,674,60%,40%,,,,,,,,,https://deputyprimeminister.gov.mt/en/health-promotion/covid-19/Pages/covid-19-infographics.aspx
MR,Mauritania,No,,,,,,,,,,,,,https://essahraa.net/node/20309
MU,Mauritius,No,,,,,,,,,,,,,https://covid19.mu/
MX,Mexico,Yes,10/14/20,829396,52%,48%,10/14/20,84898,64.09%,35.91%,10/14/20,12.62%,7.66%,1.65,https://coronavirus.gob.mx/datos/
MD,Moldova,Yes,10/12/20,63275,41.26%,58.74%,10/12/20,1478,51.35%,48.65%,10/12/20,2.91%,1.93%,1.5,http://gismoldova.maps.arcgis.com/apps/opsdashboard/index.html#/d274da857ed345efa66e1fbc959b021b
MN,Mongolia,Yes,10/13/20,320,68.13%,31.88%,8/4/20,,0%,0%,8/4/20,,,1,https://covid19.mohs.mn/p/cat/post/57/
ME,Montenegro,Partial,10/13/20,13422,52.41%,47.59%,,,,,,,,,https://www.ijzcg.me/
MA,Morocco,Yes,7/18/20,17015,53%,47%,9/21/20,1855,66.31%,33.69%,7/18/20,2.98%,1.65%,1.8,https://medias24.com/images/fils/pdf/2020/covid-19_epidemiologie-converti.pdf
MZ,Mozambique,Partial,10/13/20,10280,56.97%,43.03%,,,,,,,,,https://www.misau.gov.mz/index.php/covid-19-boletins-diarios#
MM,Myanmar,Yes,9/10/20,2265,53%,47%,9/28/20,226,64.16%,35.84%,9/1/20,1%,0.26%,3.84,https://datastudio.google.com/u/0/reporting/445c1281-c6ea-45e4-9bc0-5d561c511354/page/I44CB
NA,Namibia,No,,,,,,,,,,,,,https://web.facebook.com/MoHSSNamibia/photos/pcb.623983671607973/623983298274677
NP,Nepal,Yes,10/13/20,111802,69.92%,30.08%,10/7/20,562,70.11%,29.89%,8/13/20,0.35%,0.55%,0.64,https://covid19.mohp.gov.np/?fbclid=IwAR2_KRxuwxtNk7K92UnPF9Y3IVqh9ZDOzgc3l946lZJiLwtdOlHp6v6BZP8
NL,Netherlands,Yes,10/13/20,188785,44.53%,55.47%,10/13/20,6631,54.94%,45.06%,10/13/20,4.33%,2.85%,1.52,https://www.rivm.nl/documenten/wekelijkse-update-epidemiologische-situatie-covid-19-in-nederland
NZ,New Zealand,Partial,10/12/20,1872,45.09%,54.91%,,,,,,,,,https://www.health.govt.nz/our-work/diseases-and-conditions/covid-19-novel-coronavirus/covid-19-current-situation/covid-19-current-cases#gender
NI,Nicaragua,No,,,,,,,,,,,,,https://www.el19digital.com/Coronavirus/articulo/titulo:104282-conozca-el-informe-actualizado-de-la-situacion-de-la-covid-19-en-nicaragua
NE,Niger,No,,,,,,,,,,,,,https://coronavirus.ne/
NG,Nigeria,Partial,10/12/20,60430,63.60%,36.40%,,,,,,,,,https://ncdc.gov.ng/diseases/sitreps
MK,North Macedonia,Yes,10/13/20,18800,51.04%,48.96%,10/13/20,760,62.89%,37.11%,10/13/20,4.98%,3.06%,1.63,https://gdi-sk.maps.arcgis.com/apps/opsdashboard/index.html?fbclid=IwAR0Dd9MY7njiNtDkPpPt8R2SeD4pW_6TO12axwKrT4CcegckY4P4Ezt43f4#/2096bd4b051b42948ac3f5747e80c3a5
,Northern Ireland,Yes,10/12/20,21888,47.06%,52.94%,10/13/20,597,53.60%,46.40%,10/13/20,3.11%,2.39%,1.3,https://app.powerbi.com/view?r=eyJrIjoiZGYxNjYzNmUtOTlmZS00ODAxLWE1YTEtMjA0NjZhMzlmN2JmIiwidCI6IjljOWEzMGRlLWQ4ZDctNGFhNC05NjAwLTRiZTc2MjVmZjZjNSIsImMiOjh9
NO,Norway,Yes,10/13/20,15639,52.54%,47.46%,10/13/20,277,52.35%,47.65%,10/13/20,1.76%,1.78%,0.99,https://www.fhi.no/en/id/infectious-diseases/coronavirus/daily-reports/daily-reports-COVID19/#covid19associated-deaths-by-age-and-sex
OM,Oman,No,,,,,,,,,,,,,https://covid19.moh.gov.om/#/home
PK,Pakistan,Yes,8/18/20,289832,74%,26%,8/18/20,6190,74%,26%,8/18/20,2.14%,2.12%,1.01,http://covid.gov.pk/stats/pakistan
PS,Palestine,Partial,10/13/20,45200,46.97%,53.03%,,360,,,,,,,https://app.powerbi.com/view?r=eyJrIjoiODJlYWM1YTEtNDAxZS00OTFlLThkZjktNDA1ODY2OGQ3NGJkIiwidCI6ImY2MTBjMGI3LWJkMjQtNGIzOS04MTBiLTNkYzI4MGFmYjU5MCIsImMiOjh9
PA,Panama,Yes,8/14/20,79402,54%,46%,6/5/20,373,68%,32%,6/5/20,2.78%,1.89%,1.47,http://minsa.b-cdn.net/sites/default/files/publicacion-general
PG,Papua New Guinea,No,,,,,,,,,,,,,https://covid19.papua.go.id/#monitor
PY,Paraguay,Yes,10/12/20,49675,52.27%,47.73%,10/12/20,1077,62.95%,37.05%,10/12/20,2.61%,1.68%,1.55,https://www.mspbs.gov.py/reporte-covid19.html
PE,Peru,Yes,10/12/20,853974,52.70%,47.30%,10/12/20,33347,69.63%,30.37%,10/12/20,5.16%,2.51%,2.06,https://covid19.minsa.gob.pe/sala_situacional.asp
PH,Philippines,Yes,10/13/20,344713,55.05%,44.95%,10/13/20,6372,60.42%,39.58%,10/13/20,2.03%,1.63%,1.25,https://ncovtracker.doh.gov.ph/
PL,Poland,Partial,,,,,10/13/20,2920,55.34%,44.66%,,,,,https://docs.google.com/spreadsheets/d/1ierEhD6gcq51HAm433knjnVwey4ZE5DCnu1bW7PRG3E/htmlview?fbclid=IwAR3diFvPqpkq0Kam18jvA9Y2uxq8ihE0DGeynwPJSlwtOeTCcWgGHgK47AM#
PT,Portugal,Yes,10/14/20,91193,45.54%,54.46%,10/14/20,2117,50.12%,49.88%,10/14/20,2.55%,2.13%,1.2,https://covid19.min-saude.pt/wp-content/uploads/2020/10/224_DGS_boletim_20201012.pdf
QA,Qatar,Partial,4/28/20,12156,91%,9%,,,,,,,,,https://covid19.moph.gov.qa/EN/Pages/default.aspx
IE,Republic of Ireland,Yes,10/10/20,42483,45.82%,54.18%,10/10/20,1827,49.64%,50.36%,10/10/20,4.66%,4%,1.17,https://www.hpsc.ie/a-z/respiratory/coronavirus/novelcoronavirus/casesinireland/epidemiologyofcovid-19inireland/COVID-19%20Daily%20epidemiology%20report%20(NPHET)%20v1.0_20201012_website.pdf
RO,Romania,Yes,10/11/20,157352,46.49%,53.51%,10/11/20,5467,60.11%,39.89%,10/11/20,4.49%,2.59%,1.73,https://www.cnscbt.ro/index.php/analiza-cazuri-confirmate-covid19/2024-raport-saptamanal-episaptamana40/file
RU,Russia,No,,,,,,,,,,,,,https://xn--80aesfpebagmfblc0a.xn--p1ai/
RW,Rwanda,Partial,10/13/20,4904,64.50%,35.50%,,,,,,,,,https://gis.rbc.gov.rw/portal/apps/opsdashboard/index.html#/59872985985446bbaf8c394ad857c5cd
SM,San Marino,No,,,,,,,,,,,,,http://www.iss.sm/on-line/home/aggiornamenti-coronavirus/articolo49014807.html
SAO,Sao Tome and Principe,No,,,,,,,,,,,,,https://www.facebook.com/MSaudeSTeP/
SA,Saudi Arabia,Partial,5/26/20,76726,75%,25%,,,,,,,,,https://twitter.com/SaudiMOH/status/1265019310826827777
,Scotland,Yes,10/11/20,39826,43.86%,56.14%,10/11/20,4301,49.73%,50.27%,10/11/20,12.25%,9.67%,1.27,https://beta.isdscotland.org/find-publications-and-data/population-health/covid-19/covid-19-statistical-report/9-september-2020/dashboard/
SN,Senegal,Partial,9/15/20,14529,52%,48%,,,,,,,,,http://www.sante.gouv.sn/sites/default/files/COMMUNIQUE198_covid19.pdf
RS,Serbia,Partial,,,,,5/3/20,193,61.66%,38.34%,,,,,https://covid19.data.gov.rs/
SEY,Seychelles,No,,,,,,,,,,,,,https://www.facebook.com/mohseychellesofficial/
SL,Sierra Leone,Partial,9/29/20,2222,53.78%,46.22%,,,,,,,,,http://dhse.gov.sl/
SG,Singapore,Partial,5/5/20,6530,89%,11%,,,,,,,,,https://www.moh.gov.sg/covid-19/situation-report
SX,Sint Maarten,No,,,,,,,,,,,,,http://www.sintmaartengov.org/government/VSA/Health-Updates/NOVELCORONAVIRUS/Pages/Current-Situation.aspx
SK,Slovakia,Partial,5/28/20,1491,50%,50%,9/30/20,55,41.82%,58.18%,,,,,https://korona.gov.sk/wp-content/uploads/2020/10/analyza_covid_september.pdf
SI,Slovenia,Yes,10/12/20,9231,47.94%,52.06%,10/12/20,147,40.82%,59.18%,10/12/20,1.36%,1.81%,0.75,https://www.nijz.si/sl/dnevno-spremljanje-okuzb-s-sars-cov-2-covid-19
SO,Somalia,Partial,9/15/20,3389,74%,26%,,,,,,,,,http://moh.gov.so/en/covid19/
ZA,South Africa,Yes,10/11/20,687475,41.73%,58.27%,9/12/20,14896,51.29%,48.71%,7/1/20,2.13%,1.44%,1.48,https://www.nicd.ac.za/diseases-a-z-index/covid-19/surveillance-reports/
KR,South Korea,Yes,10/13/20,24805,46.54%,53.47%,10/13/20,434,53.46%,46.54%,10/13/20,2.01%,1.52%,1.32,http://ncov.mohw.go.kr/bdBoardList_Real.do?brdId=1&brdGubun=11&ncvContSeq=&contSeq=&board_id=&gubun=
SS,South Sudan,Partial,8/23/20,2454,75.79%,24.21%,,,,,,,,,https://moh.gov.ss/weekly_updates.php
ES,Spain,Yes,10/7/20,831180,46.75%,53.25%,5/21/20,20518,57%,43%,5/21/20,10.87%,6.30%,1.73,https://www.isciii.es/QueHacemos/Servicios/VigilanciaSaludPublicaRENAVE/EnfermedadesTransmisibles/_layouts/15/WopiFrame.aspx?sourcedoc=/QueHacemos/Servicios/VigilanciaSaludPublicaRENAVE/EnfermedadesTransmisibles/Documents/INFORMES/Informes%20COVID-19/Informe%20n%C2%BA%2043.Situaci%C3%B3n%20de%20COVID-19%20en%20Espa%C3%B1a%20a%209%20de%20septiembre%20de%202020.pdf&action=default
LK,Sri Lanka,No,,,,,,,,,,,,,https://hpb.health.gov.lk/covid19-dashboard/
SD,Sudan,No,,,,,,,,,,,,,http://www.fmoh.gov.sd/index.php
SR,Suriname,No,,,,,,,,,,,,,https://covid-19.sr/
SE,Sweden,Yes,10/13/20,100654,44%,56%,10/13/20,5899,54.81%,45.19%,10/13/20,7.30%,4.73%,1.54,https://fohm.maps.arcgis.com/apps/opsdashboard/index.html#/68d4537bf2714e63b646c37f152f1392
CH,Switzerland,Yes,10/13/20,65847,48.97%,51.03%,10/13/20,1807,57.72%,42.28%,10/13/20,3.23%,2.27%,1.42,https://www.bag.admin.ch/bag/fr/home/krankheiten/ausbrueche-epidemien-pandemien/aktuelle-ausbrueche-epidemien/novel-cov/situation-schweiz-und-international.html#1164290551
SY,Syria,No,,,,,,,,,,,,,https://app.powerbi.com/view?r=eyJrIjoiNTA0NWMxZmYtMDJiMC00ZWU0LTllNTktZTViZjYwYThjZmUzIiwidCI6ImY2MTBjMGI3LWJkMjQtNGIzOS04MTBiLTNkYzI4MGFmYjU5MCIsImMiOjh9
TW,Taiwan,Partial,10/13/20,530,52.08%,47.92%,,,,,,,,,https://data.cdc.gov.tw/en/dataset/agsdctable-day-19cov/resource/a59483fd-4b09-42bd-af15-3c123147d7e3
TJ,Tajikistan,No,,,,,,,,,,,,,https://covid.tj/#charts
TZ,Tanzania,No,,,,,,,,,,,,,https://covid19.who.int/region/afro/country/tz
TH,Thailand,Yes,9/30/20,3564,56.45%,43.55%,9/30/20,59,76.27%,23.73%,9/30/20,2.24%,0.90%,2.48,https://ddc.moph.go.th/viralpneumonia/eng/file/situation/situation-no269-300963.pdf
TG,Togo,No,,,,,,,,,,,,,https://covid19.gouv.tg/situation-au-togo/
TT,Trinidad and Tobago,No,,,,,,,,,,,,,https://www.covid19.gov.tt/trinidad-and-tobago-novel-coronavirus-covid-19-update-505/
TN,Tunisia,Yes,8/30/20,3492,47%,53%,8/30/20,77,68.75%,31.25%,8/30/20,3.24%,1.29%,2.49,http://www.onmne.tn/les-principaux-chiffres-enregistres-pour-le-10-octobre/
TR,Turkey,Yes,10/4/20,325445,51%,49%,10/4/20,8441,62.30%,37.70%,10/4/20,3.17%,2%,1.59,https://covid19.saglik.gov.tr/Eklenti/39040/0/covid-19-weekly-situation-report---40-weekpdf.pdf?_tag1=EB07E7F16F13B11C75B38F3C1F4EEBFC0A2232C7
TC,Turks and Caicos,No,,,,,,,,,,,,,https://www.gov.tc/moh/coronavirus/tci-covid-19-dashboard
AE,UAE,No,,,,,,,,,,,,,https://covid19.ncema.gov.ae/en
US,USA,Yes,10/12/20,5706415,48.30%,51.70%,10/3/20,198804,54.06%,45.94%,9/30/20,4.14%,3.29%,1.26,https://www.cdc.gov/covid-data-tracker/index.html#demographics
UG,Uganda,Yes,9/27/20,4904,72.70%,27.30%,9/27/20,31,67.74%,32.26%,9/27/20,0.59%,0.75%,0.79,https://covid19.gou.go.ug/statistics.html
UA,Ukraine,Yes,10/13/20,270587,41.02%,58.98%,10/13/20,5122,53.81%,46.19%,10/13/20,2.48%,1.48%,1.67,https://phc.org.ua/kontrol-zakhvoryuvan/inshi-infekciyni-zakhvoryuvannya/koronavirusna-infekciya-covid-19
UY,Uruguay,No,,,,,,,,,,,,,https://www.gub.uy/sistema-nacional-emergencias/comunicacion/noticias/informacion-interes-actualizada-sobre-coronavirus-covid-19-uruguay
UZ,Uzbekistan,No,,,,,,,,,,,,,https://coronavirus.uz/en
VE,Venezuela,Partial,10/12/20,83756,56.66%,43.34%,,,,,,,,,https://covid19.patria.org.ve/estadisticas-venezuela/
VN,Vietnam,Yes,10/8/20,1100,50.36%,49.64%,10/8/20,35,37.14%,62.86%,10/8/20,2.35%,4.03%,0.58,https://www.who.int/docs/default-source/wpro---documents/countries/viet-nam/covid-19/vnm-moh-who-covid-19-sitrep12.pdf?sfvrsn=ec30297a_2
,Wales,Yes,10/12/20,31197,42.49%,57.51%,10/12/20,1678,56%,44%,10/12/20,7.09%,4.12%,1.72,https://public.tableau.com/profile/public.health.wales.health.protection#!/vizhome/RapidCOVID-19virology-Public/Headlinesummary
YE,Yemen,Partial,7/21/20,1897,73%,27%,9/15/20,584,77%,23%,,,,,https://app.powerbi.com/view?r=eyJrIjoiZjE2NzJjZDItNDgyZi00NDFkLWFlMjItNjA2MjIwMWYzODJkIiwidCI6ImY2MTBjMGI3LWJkMjQtNGIzOS04MTBiLTNkYzI4MGFmYjU5MCIsImMiOjh9
ZM,Zambia,No,,,,,,,,,,,,,https://web.facebook.com/mohzambia/photos/a.773733439467982/1728282024013114/
ZW,Zimbabwe,No,,,,,,,,,,,,,https://twitter.com/MoHCCZim/status/1316122062445047809/photo/1